INSERT INTO MOVIE (ID, NAME, PUBLISH_YEAR, WINNER) VALUES(1,'A Lagoa Azul', 1985,1);
INSERT INTO MOVIE (ID, NAME, PUBLISH_YEAR, WINNER) VALUES(2,'Senhor dos Aneis 1', 2001,0);
INSERT INTO MOVIE (ID, NAME, PUBLISH_YEAR, WINNER) VALUES(3,'Senhor dos Aneis 2', 2001,0);
INSERT INTO MOVIE (ID, NAME, PUBLISH_YEAR, WINNER) VALUES(4,'Senhor dos Aneis 3', 2001,0);
INSERT INTO MOVIE (ID, NAME, PUBLISH_YEAR, WINNER) VALUES(5,'Ataque dos Tomates Assassinos', 2002,1);
INSERT INTO MOVIE (ID, NAME, PUBLISH_YEAR, WINNER) VALUES(6,'Ataque dos Vermes Assassinos', 2002,1);

INSERT INTO PRODUCER(ID, NAME) VALUES (1,'Produtor Lagoa azul 1');
INSERT INTO PRODUCER(ID, NAME) VALUES  (2,'Produtor Lagoa azul 2');
INSERT INTO PRODUCER(ID, NAME) VALUES  (3,'Produtor Lagoa azul 3');
INSERT INTO PRODUCER(ID, NAME) VALUES  (4,'Produtor Senhor dos Anéis');
INSERT INTO PRODUCER(ID, NAME) VALUES  (5,'Produtor Ataque dos Vermes Assassinos1');
INSERT INTO PRODUCER(ID, NAME) VALUES  (6,'Produtor Ataque dos Vermes Assassinos2');
INSERT INTO PRODUCER(ID, NAME) VALUES  (7,'Produtor Ataque dos Tomates Assassinos1');

INSERT INTO STUDIO(ID, NAME) VALUES (1,'Estudio Lagoa azul 1');
INSERT INTO STUDIO(ID, NAME) VALUES  (2,'Estudio Lagoa azul 2');
INSERT INTO STUDIO(ID, NAME) VALUES  (3,'Estudio Lagoa azul 3');
INSERT INTO STUDIO(ID, NAME) VALUES  (4,'Estudio Senhor dos Anéis');
INSERT INTO STUDIO(ID, NAME) VALUES  (5,'Estudio Ataque dos Vermes Assassinos1');
INSERT INTO STUDIO(ID, NAME) VALUES  (6,'Estudio Ataque dos Vermes Assassinos2');
INSERT INTO STUDIO(ID, NAME) VALUES  (7,'Estudio  Ataque dos Tomates Assassinos1');

INSERT INTO PRODUCER_MOVIES (PRODUCERS_ID, MOVIES_ID) VALUES (1,1);
INSERT INTO PRODUCER_MOVIES (PRODUCERS_ID, MOVIES_ID) VALUES (1,1);
INSERT INTO PRODUCER_MOVIES (PRODUCERS_ID, MOVIES_ID) VALUES (1,3);
INSERT INTO PRODUCER_MOVIES (PRODUCERS_ID, MOVIES_ID) VALUES (2,4);
INSERT INTO PRODUCER_MOVIES (PRODUCERS_ID, MOVIES_ID) VALUES (2,4);
INSERT INTO PRODUCER_MOVIES (PRODUCERS_ID, MOVIES_ID) VALUES (2,4);
INSERT INTO PRODUCER_MOVIES (PRODUCERS_ID, MOVIES_ID) VALUES (5,5);
INSERT INTO PRODUCER_MOVIES (PRODUCERS_ID, MOVIES_ID) VALUES (6,5);
INSERT INTO PRODUCER_MOVIES (PRODUCERS_ID, MOVIES_ID) VALUES (7,6);

INSERT INTO STUDIO_MOVIES (STUDIOS_ID, MOVIES_ID) VALUES (1,1);
INSERT INTO STUDIO_MOVIES (STUDIOS_ID, MOVIES_ID) VALUES (2,1);
INSERT INTO STUDIO_MOVIES (STUDIOS_ID, MOVIES_ID) VALUES (3,1);
INSERT INTO STUDIO_MOVIES (STUDIOS_ID, MOVIES_ID) VALUES (4,2);
INSERT INTO STUDIO_MOVIES (STUDIOS_ID, MOVIES_ID) VALUES (4,3);
INSERT INTO STUDIO_MOVIES (STUDIOS_ID, MOVIES_ID) VALUES (4,4);
INSERT INTO STUDIO_MOVIES (STUDIOS_ID, MOVIES_ID) VALUES (5,5);
INSERT INTO STUDIO_MOVIES (STUDIOS_ID, MOVIES_ID) VALUES (6,5);
INSERT INTO STUDIO_MOVIES (STUDIOS_ID, MOVIES_ID) VALUES (7,6);